UserID,UserName,Password,Role
0,admin,123,admin
1,user1,123,bacsi
2,user2,123,bacsi
3,user3,123,bacsi
4,user4,123,bacsi
5,user5,123,bacsi
6,user6,123,bacsi
7,user7,123,bacsi
8,user8,123,bacsi
9,user9,123,bacsi
10,user10,123,bacsi
11,user11,123,bacsi
12,user12,123,bacsi
13,user13,123,bacsi
14,user14,123,bacsi
15,user15,123,bacsi
16,user16,123,bacsi
17,user17,123,bacsi
18,user18,123,bacsi
19,user19,123,bacsi
20,user20,123,bacsi
21,user21,123,bacsi
22,user22,123,bacsi
23,user23,123,bacsi
24,user24,123,bacsi
25,user25,123,bacsi
26,user26,123,bacsi
27,user27,123,bacsi
28,user28,123,bacsi
29,user29,123,bacsi
30,user30,123,bacsi
